<?xml version="1.0" encoding="UTF-8"?>
<project-private xmlns="http://www.netbeans.org/ns/project-private/1">
    <editor-bookmarks xmlns="http://www.netbeans.org/ns/editor-bookmarks/2" lastBookmarkId="0"/>
    <open-files xmlns="http://www.netbeans.org/ns/projectui-open-files/2">
        <group>
            <file>file:/C:/Users/Desktop/Documents/NetBeansProjects/datastore/src/datastore/Read_Data.java</file>
            <file>file:/C:/Users/Desktop/Documents/NetBeansProjects/datastore/src/datastore/Delete_Data.java</file>
            <file>file:/C:/Users/Desktop/Documents/NetBeansProjects/datastore/src/datastore/Datastore.java</file>
            <file>file:/C:/Users/Desktop/Documents/NetBeansProjects/datastore/src/datastore/Create_JSONObject.java</file>
        </group>
    </open-files>
</project-private>
